Char & codepoint,Comments,Classic,MavenProSmall,amh18,bigfont,bigupper,chalkboard,chickn24,handwriting_institute,handwriting_neat,smallfont,symbols,threefiv,typewriter
! - 0021,✓ = Finished,✓,✓,✓,✓,✓,✓,✓,✓,✓,✓,U -> 0021.png,✓,✓
""" - 0022",NO = Needs offsets,✓,✓,✓,✓,✓,✓,✓,✓,✓,✓,U -> 0022.png,✓,✓
# - 0023,U = Unfinished,✓,✓,✓,✓,✓,✓,✓,✓,✓,✓,U -> 0023.png,✓,✓
$ - 0024,Updated by GitHub Actions,✓,✓,✓,✓,✓,✓,✓,✓,✓,✓,U -> 0024.png,✓,✓
% - 0025,,✓,✓,✓,✓,✓,✓,✓,✓,✓,✓,U -> 0025.png,✓,✓
& - 0026,,✓,✓,✓,✓,✓,✓,✓,✓,✓,✓,U -> 0026.png,✓,✓
' - 0027,,✓,✓,✓,✓,✓,✓,✓,✓,✓,✓,U -> 0027.png,✓,✓
( - 0028,,✓,✓,✓,✓,✓,✓,✓,✓,✓,✓,U -> 0028.png,✓,✓
) - 0029,,✓,✓,✓,✓,✓,✓,✓,✓,✓,✓,U -> 0029.png,✓,✓
* - 002A,,✓,✓,✓,✓,✓,✓,✓,✓,✓,✓,U -> 002A.png,✓,✓
+ - 002B,,✓,✓,✓,✓,✓,✓,✓,✓,✓,✓,U -> 002B.png,✓,✓
", - 002C",,✓,✓,✓,✓,✓,✓,✓,✓,✓,✓,U -> 002C.png,✓,✓
- - 002D,,✓,✓,✓,✓,✓,✓,✓,✓,✓,✓,U -> 002D.png,✓,✓
. - 002E,,✓,✓,✓,✓,✓,✓,✓,✓,✓,✓,U -> 002E.png,✓,✓
/ - 002F,,✓,✓,✓,✓,✓,✓,✓,✓,✓,✓,U -> 002F.png,✓,✓
0 - 0030,,✓,✓,✓,✓,✓,✓,✓,✓,✓,✓,U -> 0030.png,✓,✓
1 - 0031,,✓,✓,✓,✓,✓,✓,✓,✓,✓,✓,U -> 0031.png,✓,✓
2 - 0032,,✓,✓,✓,✓,✓,✓,✓,✓,✓,✓,U -> 0032.png,✓,✓
3 - 0033,,✓,✓,✓,✓,✓,✓,✓,✓,✓,✓,U -> 0033.png,✓,✓
4 - 0034,,✓,✓,✓,✓,✓,✓,✓,✓,✓,✓,U -> 0034.png,✓,✓
5 - 0035,,✓,✓,✓,✓,✓,✓,✓,✓,✓,✓,U -> 0035.png,✓,✓
6 - 0036,,✓,✓,✓,✓,✓,✓,✓,✓,✓,✓,U -> 0036.png,✓,✓
7 - 0037,,✓,✓,✓,✓,✓,✓,✓,✓,✓,✓,U -> 0037.png,✓,✓
8 - 0038,,✓,✓,✓,✓,✓,✓,✓,✓,✓,✓,U -> 0038.png,✓,✓
9 - 0039,,✓,✓,✓,✓,✓,✓,✓,✓,✓,✓,U -> 0039.png,✓,✓
: - 003A,,✓,✓,✓,✓,✓,✓,✓,✓,✓,✓,U -> 003A.png,✓,✓
; - 003B,,✓,✓,✓,✓,✓,✓,✓,✓,✓,✓,U -> 003B.png,✓,✓
< - 003C,,✓,✓,✓,✓,✓,✓,✓,✓,✓,✓,U -> 003C.png,✓,✓
= - 003D,,✓,✓,✓,✓,✓,✓,✓,✓,✓,✓,U -> 003D.png,✓,✓
> - 003E,,✓,✓,✓,✓,✓,✓,✓,✓,✓,✓,U -> 003E.png,✓,✓
? - 003F,,✓,✓,✓,✓,✓,✓,✓,✓,✓,✓,U -> 003F.png,✓,✓
A - 0041,,✓,✓,✓,✓,✓,✓,✓,✓,✓,✓,U -> 0041.png,✓,✓
B - 0042,,✓,✓,✓,✓,✓,✓,✓,✓,✓,✓,U -> 0042.png,✓,✓
C - 0043,,✓,✓,✓,✓,✓,✓,✓,✓,✓,✓,U -> 0043.png,✓,✓
D - 0044,,✓,✓,✓,✓,✓,✓,✓,✓,✓,✓,U -> 0044.png,✓,✓
E - 0045,,✓,✓,✓,✓,✓,✓,✓,✓,✓,✓,U -> 0045.png,✓,✓
F - 0046,,✓,✓,✓,✓,✓,✓,✓,✓,✓,✓,U -> 0046.png,✓,✓
G - 0047,,✓,✓,✓,✓,✓,✓,✓,✓,✓,✓,U -> 0047.png,✓,✓
H - 0048,,✓,✓,✓,✓,✓,✓,✓,✓,✓,✓,U -> 0048.png,✓,✓
I - 0049,,✓,✓,✓,✓,✓,✓,✓,✓,✓,✓,U -> 0049.png,✓,✓
J - 004A,,✓,✓,✓,✓,✓,✓,✓,✓,✓,✓,U -> 004A.png,✓,✓
K - 004B,,✓,✓,✓,✓,✓,✓,✓,✓,✓,✓,U -> 004B.png,✓,✓
L - 004C,,✓,✓,✓,✓,✓,✓,✓,✓,✓,✓,U -> 004C.png,✓,✓
M - 004D,,✓,✓,✓,✓,✓,✓,✓,✓,✓,✓,U -> 004D.png,✓,✓
N - 004E,,✓,✓,✓,✓,✓,✓,✓,✓,✓,✓,U -> 004E.png,✓,✓
O - 004F,,✓,✓,✓,✓,✓,✓,✓,✓,✓,✓,U -> 004F.png,✓,✓
P - 0050,,✓,✓,✓,✓,✓,✓,✓,✓,✓,✓,U -> 0050.png,✓,✓
Q - 0051,,✓,✓,✓,✓,✓,✓,✓,✓,✓,✓,U -> 0051.png,✓,✓
R - 0052,,✓,✓,✓,✓,✓,✓,✓,✓,✓,✓,U -> 0052.png,✓,✓
S - 0053,,✓,✓,✓,✓,✓,✓,✓,✓,✓,✓,U -> 0053.png,✓,✓
T - 0054,,✓,✓,✓,✓,✓,✓,✓,✓,✓,✓,U -> 0054.png,✓,✓
U - 0055,,✓,✓,✓,✓,✓,✓,✓,✓,✓,✓,U -> 0055.png,✓,✓
V - 0056,,✓,✓,✓,✓,✓,✓,✓,✓,✓,✓,U -> 0056.png,✓,✓
W - 0057,,✓,✓,✓,✓,✓,✓,✓,✓,✓,✓,U -> 0057.png,✓,✓
X - 0058,,✓,✓,✓,✓,✓,✓,✓,✓,✓,✓,U -> 0058.png,✓,✓
Y - 0059,,✓,✓,✓,✓,✓,✓,✓,✓,✓,✓,U -> 0059.png,✓,✓
Z - 005A,,✓,✓,✓,✓,✓,✓,✓,✓,✓,✓,U -> 005A.png,✓,✓
[ - 005B,,✓,✓,✓,✓,✓,✓,✓,✓,✓,✓,U -> 005B.png,✓,✓
\ - 005C,,✓,✓,✓,✓,✓,✓,✓,✓,✓,✓,U -> 005C.png,✓,✓
] - 005D,,✓,✓,✓,✓,✓,✓,✓,✓,✓,✓,U -> 005D.png,✓,✓
_ - 005F,,✓,✓,✓,✓,✓,✓,✓,✓,✓,✓,U -> 005F.png,✓,✓
` - 0060,,✓,✓,✓,✓,✓,✓,✓,✓,✓,✓,U -> 0060.png,✓,✓
a - 0061,,✓,✓,✓,✓,✓,✓,✓,✓,✓,✓,U -> 0061.png,✓,✓
b - 0062,,✓,✓,✓,✓,✓,✓,✓,✓,✓,✓,U -> 0062.png,✓,✓
c - 0063,,✓,✓,✓,✓,✓,✓,✓,✓,✓,✓,U -> 0063.png,✓,✓
d - 0064,,✓,✓,✓,✓,✓,✓,✓,✓,✓,✓,U -> 0064.png,✓,✓
e - 0065,,✓,✓,✓,✓,✓,✓,✓,✓,✓,✓,U -> 0065.png,✓,✓
f - 0066,,✓,✓,✓,✓,✓,✓,✓,✓,✓,✓,U -> 0066.png,✓,✓
g - 0067,,✓,✓,✓,✓,✓,✓,✓,✓,✓,✓,U -> 0067.png,✓,✓
h - 0068,,✓,✓,✓,✓,✓,✓,✓,✓,✓,✓,U -> 0068.png,✓,✓
i - 0069,,✓,✓,✓,✓,✓,✓,✓,✓,✓,✓,U -> 0069.png,✓,✓
j - 006A,,✓,✓,✓,✓,✓,✓,✓,✓,✓,✓,U -> 006A.png,✓,✓
k - 006B,,✓,✓,✓,✓,✓,✓,✓,✓,✓,✓,U -> 006B.png,✓,✓
l - 006C,,✓,✓,✓,✓,✓,✓,✓,✓,✓,✓,U -> 006C.png,✓,✓
m - 006D,,✓,✓,✓,✓,✓,✓,✓,✓,✓,✓,U -> 006D.png,✓,✓
n - 006E,,✓,✓,✓,✓,✓,✓,✓,✓,✓,✓,U -> 006E.png,✓,✓
o - 006F,,✓,✓,✓,✓,✓,✓,✓,✓,✓,✓,U -> 006F.png,✓,✓
p - 0070,,✓,✓,✓,✓,✓,✓,✓,✓,✓,✓,U -> 0070.png,✓,✓
q - 0071,,✓,✓,✓,✓,✓,✓,✓,✓,✓,✓,U -> 0071.png,✓,✓
r - 0072,,✓,✓,✓,✓,✓,✓,✓,✓,✓,✓,U -> 0072.png,✓,✓
s - 0073,,✓,✓,✓,✓,✓,✓,✓,✓,✓,✓,U -> 0073.png,✓,✓
t - 0074,,✓,✓,✓,✓,✓,✓,✓,✓,✓,✓,U -> 0074.png,✓,✓
u - 0075,,✓,✓,✓,✓,✓,✓,✓,✓,✓,✓,U -> 0075.png,✓,✓
v - 0076,,✓,✓,✓,✓,✓,✓,✓,✓,✓,✓,U -> 0076.png,✓,✓
w - 0077,,✓,✓,✓,✓,✓,✓,✓,✓,✓,✓,U -> 0077.png,✓,✓
x - 0078,,✓,✓,✓,✓,✓,✓,✓,✓,✓,✓,U -> 0078.png,✓,✓
y - 0079,,✓,✓,✓,✓,✓,✓,✓,✓,✓,✓,U -> 0079.png,✓,✓
z - 007A,,✓,✓,✓,✓,✓,✓,✓,✓,✓,✓,U -> 007A.png,✓,✓
| - 007C,,✓,✓,✓,✓,✓,✓,✓,✓,✓,✓,U -> 007C.png,✓,✓
¡ - 00A1,,✓,✓,✓,✓,✓,✓,✓,✓,✓,✓,U -> 00A1.png,U -> 00A1.png,✓
ª - 00AA,,✓,✓,✓,✓,✓,✓,✓,✓,✓,✓,U -> 00AA.png,U -> 00AA.png,✓
° - 00B0,,✓,✓,✓,✓,✓,✓,✓,✓,✓,✓,U -> 00B0.png,U -> 00B0.png,✓
º - 00BA,,✓,✓,✓,✓,✓,✓,✓,✓,✓,✓,U -> 00BA.png,U -> 00BA.png,✓
¿ - 00BF,,✓,✓,✓,✓,✓,✓,✓,✓,✓,✓,U -> 00BF.png,U -> 00BF.png,✓
À - 00C0,,✓,✓,✓,✓,✓,✓,✓,✓,✓,✓,U -> 00C0.png,U -> 00C0.png,✓
Á - 00C1,,✓,✓,✓,✓,✓,✓,✓,✓,✓,✓,U -> 00C1.png,✓,✓
Â - 00C2,,✓,✓,✓,✓,✓,✓,✓,✓,✓,✓,U -> 00C2.png,U -> 00C2.png,✓
Ã - 00C3,,✓,✓,✓,✓,✓,✓,✓,✓,✓,✓,U -> 00C3.png,U -> 00C3.png,✓
Ä - 00C4,,✓,✓,✓,✓,✓,✓,✓,✓,✓,✓,U -> 00C4.png,✓,✓
Ç - 00C7,,✓,✓,✓,✓,✓,✓,✓,✓,✓,✓,U -> 00C7.png,U -> 00C7.png,✓
È - 00C8,,✓,✓,✓,✓,✓,✓,✓,✓,✓,✓,U -> 00C8.png,U -> 00C8.png,✓
É - 00C9,,✓,✓,✓,✓,✓,✓,✓,✓,✓,✓,U -> 00C9.png,✓,✓
Ê - 00CA,,✓,✓,✓,✓,✓,✓,✓,✓,✓,✓,U -> 00CA.png,U -> 00CA.png,✓
Ë - 00CB,,✓,✓,✓,✓,✓,✓,✓,✓,✓,✓,U -> 00CB.png,U -> 00CB.png,✓
Ì - 00CC,,✓,✓,✓,✓,✓,✓,✓,✓,✓,✓,U -> 00CC.png,U -> 00CC.png,✓
Í - 00CD,,✓,✓,✓,✓,✓,✓,✓,✓,✓,✓,U -> 00CD.png,✓,✓
Î - 00CE,,✓,✓,✓,✓,✓,✓,✓,✓,✓,✓,U -> 00CE.png,U -> 00CE.png,✓
Ï - 00CF,,✓,✓,✓,✓,✓,✓,✓,✓,✓,✓,U -> 00CF.png,U -> 00CF.png,✓
Ñ - 00D1,,✓,✓,✓,✓,✓,✓,✓,✓,✓,✓,U -> 00D1.png,U -> 00D1.png,✓
Ò - 00D2,,✓,✓,✓,✓,✓,✓,✓,✓,✓,✓,U -> 00D2.png,U -> 00D2.png,✓
Ó - 00D3,,✓,✓,✓,✓,✓,✓,✓,✓,✓,✓,U -> 00D3.png,✓,✓
Ô - 00D4,,✓,✓,✓,✓,✓,✓,✓,✓,✓,✓,U -> 00D4.png,U -> 00D4.png,✓
Õ - 00D5,,✓,✓,✓,✓,✓,✓,✓,✓,✓,✓,U -> 00D5.png,U -> 00D5.png,✓
Ö - 00D6,,✓,✓,✓,✓,✓,✓,✓,✓,✓,✓,U -> 00D6.png,✓,✓
Ù - 00D9,,✓,✓,✓,✓,✓,✓,✓,✓,✓,✓,U -> 00D9.png,U -> 00D9.png,✓
Ú - 00DA,,✓,✓,✓,✓,✓,✓,✓,✓,✓,✓,U -> 00DA.png,✓,✓
Û - 00DB,,✓,✓,✓,✓,✓,✓,✓,✓,✓,✓,U -> 00DB.png,U -> 00DB.png,✓
Ü - 00DC,,✓,✓,✓,✓,✓,✓,✓,✓,✓,✓,U -> 00DC.png,✓,✓
Ý - 00DD,,✓,✓,✓,✓,✓,✓,✓,✓,✓,✓,U -> 00DD.png,✓,✓
ß - 00DF,,✓,✓,✓,✓,✓,✓,✓,✓,✓,✓,U -> 00DF.png,✓,✓
à - 00E0,,✓,✓,✓,✓,✓,✓,✓,✓,✓,✓,U -> 00E0.png,U -> 00E0.png,✓
á - 00E1,,✓,✓,✓,✓,✓,✓,✓,✓,✓,✓,U -> 00E1.png,✓,✓
â - 00E2,,✓,✓,✓,✓,✓,✓,✓,✓,✓,✓,U -> 00E2.png,U -> 00E2.png,✓
ã - 00E3,,✓,✓,✓,✓,✓,✓,✓,✓,✓,✓,U -> 00E3.png,U -> 00E3.png,✓
ä - 00E4,,✓,✓,✓,✓,✓,✓,✓,✓,✓,✓,U -> 00E4.png,✓,✓
ç - 00E7,,✓,✓,✓,✓,✓,✓,✓,✓,✓,✓,U -> 00E7.png,U -> 00E7.png,✓
è - 00E8,,✓,✓,✓,✓,✓,✓,✓,✓,✓,✓,U -> 00E8.png,U -> 00E8.png,✓
é - 00E9,,✓,✓,✓,✓,✓,✓,✓,✓,✓,✓,U -> 00E9.png,✓,✓
ê - 00EA,,✓,✓,✓,✓,✓,✓,✓,✓,✓,✓,U -> 00EA.png,U -> 00EA.png,✓
ë - 00EB,,✓,✓,✓,✓,✓,✓,✓,✓,✓,✓,U -> 00EB.png,U -> 00EB.png,✓
ì - 00EC,,✓,✓,✓,✓,✓,✓,✓,✓,✓,✓,U -> 00EC.png,U -> 00EC.png,✓
í - 00ED,,✓,✓,✓,✓,✓,✓,✓,✓,✓,✓,U -> 00ED.png,✓,✓
î - 00EE,,✓,✓,✓,✓,✓,✓,✓,✓,✓,✓,U -> 00EE.png,U -> 00EE.png,✓
ï - 00EF,,✓,✓,✓,✓,✓,✓,✓,✓,✓,✓,U -> 00EF.png,U -> 00EF.png,✓
ñ - 00F1,,✓,✓,✓,✓,✓,✓,✓,✓,✓,✓,U -> 00F1.png,U -> 00F1.png,✓
ò - 00F2,,✓,✓,✓,✓,✓,✓,✓,✓,✓,✓,U -> 00F2.png,U -> 00F2.png,✓
ó - 00F3,,✓,✓,✓,✓,✓,✓,✓,✓,✓,✓,U -> 00F3.png,✓,✓
ô - 00F4,,✓,✓,✓,✓,✓,✓,✓,✓,✓,✓,U -> 00F4.png,U -> 00F4.png,✓
õ - 00F5,,✓,✓,✓,✓,✓,✓,✓,✓,✓,✓,U -> 00F5.png,U -> 00F5.png,✓
ö - 00F6,,✓,✓,✓,✓,✓,✓,✓,✓,✓,✓,U -> 00F6.png,✓,✓
ù - 00F9,,✓,✓,✓,✓,✓,✓,✓,✓,✓,✓,U -> 00F9.png,U -> 00F9.png,✓
ú - 00FA,,✓,✓,✓,✓,✓,✓,✓,✓,✓,✓,U -> 00FA.png,✓,✓
û - 00FB,,✓,✓,✓,✓,✓,✓,✓,✓,✓,✓,U -> 00FB.png,U -> 00FB.png,✓
ü - 00FC,,✓,✓,✓,✓,✓,✓,✓,✓,✓,✓,U -> 00FC.png,✓,✓
ý - 00FD,,✓,✓,✓,✓,✓,✓,✓,✓,✓,✓,U -> 00FD.png,✓,✓
Ą - 0104,,✓,✓,✓,✓,✓,✓,✓,✓,✓,✓,U -> 0104.png,U -> 0104.png,✓
ą - 0105,,✓,✓,✓,✓,✓,✓,✓,✓,✓,✓,U -> 0105.png,U -> 0105.png,✓
Ć - 0106,,✓,✓,✓,✓,✓,✓,✓,✓,✓,✓,U -> 0106.png,U -> 0106.png,✓
ć - 0107,,✓,✓,✓,✓,✓,✓,✓,✓,✓,✓,U -> 0107.png,U -> 0107.png,✓
Č - 010C,,✓,✓,✓,✓,✓,✓,✓,✓,✓,✓,U -> 010C.png,✓,✓
č - 010D,,✓,✓,✓,✓,✓,✓,✓,✓,✓,✓,U -> 010D.png,✓,✓
Ď - 010E,,✓,✓,✓,✓,✓,✓,✓,✓,✓,✓,U -> 010E.png,✓,✓
ď - 010F,,✓,✓,✓,✓,✓,✓,✓,✓,✓,✓,U -> 010F.png,✓,✓
Ę - 0118,,✓,✓,✓,✓,✓,✓,✓,✓,✓,✓,U -> 0118.png,U -> 0118.png,✓
ę - 0119,,✓,✓,✓,✓,✓,✓,✓,✓,✓,✓,U -> 0119.png,U -> 0119.png,✓
Ě - 011A,,✓,✓,✓,✓,✓,✓,✓,✓,✓,✓,U -> 011A.png,✓,✓
ě - 011B,,✓,✓,✓,✓,✓,✓,✓,✓,✓,✓,U -> 011B.png,✓,✓
Ğ - 011E,,✓,✓,✓,✓,✓,✓,✓,✓,✓,✓,U -> 011E.png,U -> 011E.png,✓
ğ - 011F,,✓,✓,✓,✓,✓,✓,✓,✓,✓,✓,U -> 011F.png,U -> 011F.png,✓
İ - 0130,,✓,✓,✓,✓,✓,✓,✓,✓,✓,✓,U -> 0130.png,U -> 0130.png,✓
ı - 0131,,✓,✓,✓,✓,✓,✓,✓,✓,✓,✓,U -> 0131.png,U -> 0131.png,✓
Ľ - 013D,,✓,✓,✓,✓,✓,✓,✓,✓,✓,✓,U -> 013D.png,U -> 013D.png,✓
ľ - 013E,,✓,✓,✓,✓,✓,✓,✓,✓,✓,✓,U -> 013E.png,U -> 013E.png,✓
Ł - 0141,,✓,✓,✓,✓,✓,✓,✓,✓,✓,✓,U -> 0141.png,U -> 0141.png,✓
ł - 0142,,✓,✓,✓,✓,✓,✓,✓,✓,✓,✓,U -> 0142.png,U -> 0142.png,✓
Ń - 0143,,✓,✓,✓,✓,✓,✓,✓,✓,✓,✓,U -> 0143.png,U -> 0143.png,✓
ń - 0144,,✓,✓,✓,✓,✓,✓,✓,✓,✓,✓,U -> 0144.png,U -> 0144.png,✓
Ň - 0147,,✓,✓,✓,✓,✓,✓,✓,✓,✓,✓,U -> 0147.png,✓,✓
ň - 0148,,✓,✓,✓,✓,✓,✓,✓,✓,✓,✓,U -> 0148.png,✓,✓
Ř - 0158,,✓,✓,✓,✓,✓,✓,✓,✓,✓,✓,U -> 0158.png,✓,✓
ř - 0159,,✓,✓,✓,✓,✓,✓,✓,✓,✓,✓,U -> 0159.png,✓,✓
Ś - 015A,,✓,✓,✓,✓,✓,✓,✓,✓,✓,✓,U -> 015A.png,U -> 015A.png,✓
ś - 015B,,✓,✓,✓,✓,✓,✓,✓,✓,✓,✓,U -> 015B.png,U -> 015B.png,✓
Ş - 015E,,✓,✓,✓,✓,✓,✓,✓,✓,✓,✓,U -> 015E.png,U -> 015E.png,✓
ş - 015F,,✓,✓,✓,✓,✓,✓,✓,✓,✓,✓,U -> 015F.png,U -> 015F.png,✓
Š - 0160,,✓,✓,✓,✓,✓,✓,✓,✓,✓,✓,U -> 0160.png,✓,✓
š - 0161,,✓,✓,✓,✓,✓,✓,✓,✓,✓,✓,U -> 0161.png,✓,✓
Ť - 0164,,✓,✓,✓,✓,✓,✓,✓,✓,✓,✓,U -> 0164.png,✓,✓
ť - 0165,,✓,✓,✓,✓,✓,✓,✓,✓,✓,✓,U -> 0165.png,✓,✓
Ů - 016E,,✓,✓,✓,✓,✓,✓,✓,✓,✓,✓,U -> 016E.png,✓,✓
ů - 016F,,✓,✓,✓,✓,✓,✓,✓,✓,✓,✓,U -> 016F.png,✓,✓
Ź - 0179,,✓,✓,✓,✓,✓,✓,✓,✓,✓,✓,U -> 0179.png,U -> 0179.png,✓
ź - 017A,,✓,✓,✓,✓,✓,✓,✓,✓,✓,✓,U -> 017A.png,U -> 017A.png,✓
Ż - 017B,,✓,✓,✓,✓,✓,✓,✓,✓,✓,✓,U -> 017B.png,U -> 017B.png,✓
ż - 017C,,✓,✓,✓,✓,✓,✓,✓,✓,✓,✓,U -> 017C.png,U -> 017C.png,✓
Ž - 017D,,✓,✓,✓,✓,✓,✓,✓,✓,✓,✓,U -> 017D.png,✓,✓
ž - 017E,,✓,✓,✓,✓,✓,✓,✓,✓,✓,✓,U -> 017E.png,✓,✓
Ё - 0401,,✓,✓,✓,✓,✓,✓,✓,✓,✓,✓,U -> 0401.png,✓,✓
А - 0410,,✓,✓,✓,✓,✓,✓,✓,✓,✓,✓,U -> 0410.png,✓,✓
Б - 0411,,✓,✓,✓,✓,✓,✓,✓,✓,✓,✓,U -> 0411.png,✓,✓
В - 0412,,✓,✓,✓,✓,✓,✓,✓,✓,✓,✓,U -> 0412.png,✓,✓
Г - 0413,,✓,✓,✓,✓,✓,✓,✓,✓,✓,✓,U -> 0413.png,✓,✓
Д - 0414,,✓,✓,✓,✓,✓,✓,✓,✓,✓,✓,U -> 0414.png,✓,✓
Е - 0415,,✓,✓,✓,✓,✓,✓,✓,✓,✓,✓,U -> 0415.png,✓,✓
Ж - 0416,,✓,✓,✓,✓,✓,✓,✓,✓,✓,✓,U -> 0416.png,✓,✓
З - 0417,,✓,✓,✓,✓,✓,✓,✓,✓,✓,✓,U -> 0417.png,✓,✓
И - 0418,,✓,✓,✓,✓,✓,✓,✓,✓,✓,✓,U -> 0418.png,✓,✓
Й - 0419,,✓,✓,✓,✓,✓,✓,✓,✓,✓,✓,U -> 0419.png,✓,✓
К - 041A,,✓,✓,✓,✓,✓,✓,✓,✓,✓,✓,U -> 041A.png,✓,✓
Л - 041B,,✓,✓,✓,✓,✓,✓,✓,✓,✓,✓,U -> 041B.png,✓,✓
М - 041C,,✓,✓,✓,✓,✓,✓,✓,✓,✓,✓,U -> 041C.png,✓,✓
Н - 041D,,✓,✓,✓,✓,✓,✓,✓,✓,✓,✓,U -> 041D.png,✓,✓
О - 041E,,✓,✓,✓,✓,✓,✓,✓,✓,✓,✓,U -> 041E.png,✓,✓
П - 041F,,✓,✓,✓,✓,✓,✓,✓,✓,✓,✓,U -> 041F.png,✓,✓
Р - 0420,,✓,✓,✓,✓,✓,✓,✓,✓,✓,✓,U -> 0420.png,✓,✓
С - 0421,,✓,✓,✓,✓,✓,✓,✓,✓,✓,✓,U -> 0421.png,✓,✓
Т - 0422,,✓,✓,✓,✓,✓,✓,✓,✓,✓,✓,U -> 0422.png,✓,✓
У - 0423,,✓,✓,✓,✓,✓,✓,✓,✓,✓,✓,U -> 0423.png,✓,✓
Ф - 0424,,✓,✓,✓,✓,✓,✓,✓,✓,✓,✓,U -> 0424.png,✓,✓
Х - 0425,,✓,✓,✓,✓,✓,✓,✓,✓,✓,✓,U -> 0425.png,✓,✓
Ц - 0426,,✓,✓,✓,✓,✓,✓,✓,✓,✓,✓,U -> 0426.png,✓,✓
Ч - 0427,,✓,✓,✓,✓,✓,✓,✓,✓,✓,✓,U -> 0427.png,✓,✓
Ш - 0428,,✓,✓,✓,✓,✓,✓,✓,✓,✓,✓,U -> 0428.png,✓,✓
Щ - 0429,,✓,✓,✓,✓,✓,✓,✓,✓,✓,✓,U -> 0429.png,✓,✓
Ъ - 042A,,✓,✓,✓,✓,✓,✓,✓,✓,✓,✓,U -> 042A.png,✓,✓
Ы - 042B,,✓,✓,✓,✓,✓,✓,✓,✓,✓,✓,U -> 042B.png,✓,✓
Ь - 042C,,✓,✓,✓,✓,✓,✓,✓,✓,✓,✓,U -> 042C.png,✓,✓
Э - 042D,,✓,✓,✓,✓,✓,✓,✓,✓,✓,✓,U -> 042D.png,✓,✓
Ю - 042E,,✓,✓,✓,✓,✓,✓,✓,✓,✓,✓,U -> 042E.png,✓,✓
Я - 042F,,✓,✓,✓,✓,✓,✓,✓,✓,✓,✓,U -> 042F.png,✓,✓
а - 0430,,✓,✓,✓,✓,✓,✓,✓,✓,✓,✓,U -> 0430.png,✓,✓
б - 0431,,✓,✓,✓,✓,✓,✓,✓,✓,✓,✓,U -> 0431.png,✓,✓
в - 0432,,✓,✓,✓,✓,✓,✓,✓,✓,✓,✓,U -> 0432.png,✓,✓
г - 0433,,✓,✓,✓,✓,✓,✓,✓,✓,✓,✓,U -> 0433.png,✓,✓
д - 0434,,✓,✓,✓,✓,✓,✓,✓,✓,✓,✓,U -> 0434.png,✓,✓
е - 0435,,✓,✓,✓,✓,✓,✓,✓,✓,✓,✓,U -> 0435.png,✓,✓
ж - 0436,,✓,✓,✓,✓,✓,✓,✓,✓,✓,✓,U -> 0436.png,✓,✓
з - 0437,,✓,✓,✓,✓,✓,✓,✓,✓,✓,✓,U -> 0437.png,✓,✓
и - 0438,,✓,✓,✓,✓,✓,✓,✓,✓,✓,✓,U -> 0438.png,✓,✓
й - 0439,,✓,✓,✓,✓,✓,✓,✓,✓,✓,✓,U -> 0439.png,✓,✓
к - 043A,,✓,✓,✓,✓,✓,✓,✓,✓,✓,✓,U -> 043A.png,✓,✓
л - 043B,,✓,✓,✓,✓,✓,✓,✓,✓,✓,✓,U -> 043B.png,✓,✓
м - 043C,,✓,✓,✓,✓,✓,✓,✓,✓,✓,✓,U -> 043C.png,✓,✓
н - 043D,,✓,✓,✓,✓,✓,✓,✓,✓,✓,✓,U -> 043D.png,✓,✓
о - 043E,,✓,✓,✓,✓,✓,✓,✓,✓,✓,✓,U -> 043E.png,✓,✓
п - 043F,,✓,✓,✓,✓,✓,✓,✓,✓,✓,✓,U -> 043F.png,✓,✓
р - 0440,,✓,✓,✓,✓,✓,✓,✓,✓,✓,✓,U -> 0440.png,✓,✓
с - 0441,,✓,✓,✓,✓,✓,✓,✓,✓,✓,✓,U -> 0441.png,✓,✓
т - 0442,,✓,✓,✓,✓,✓,✓,✓,✓,✓,✓,U -> 0442.png,✓,✓
у - 0443,,✓,✓,✓,✓,✓,✓,✓,✓,✓,✓,U -> 0443.png,✓,✓
ф - 0444,,✓,✓,✓,✓,✓,✓,✓,✓,✓,✓,U -> 0444.png,✓,✓
х - 0445,,✓,✓,✓,✓,✓,✓,✓,✓,✓,✓,U -> 0445.png,✓,✓
ц - 0446,,✓,✓,✓,✓,✓,✓,✓,✓,✓,✓,U -> 0446.png,✓,✓
ч - 0447,,✓,✓,✓,✓,✓,✓,✓,✓,✓,✓,U -> 0447.png,✓,✓
ш - 0448,,✓,✓,✓,✓,✓,✓,✓,✓,✓,✓,U -> 0448.png,✓,✓
щ - 0449,,✓,✓,✓,✓,✓,✓,✓,✓,✓,✓,U -> 0449.png,✓,✓
ъ - 044A,,✓,✓,✓,✓,✓,✓,✓,✓,✓,✓,U -> 044A.png,✓,✓
ы - 044B,,✓,✓,✓,✓,✓,✓,✓,✓,✓,✓,U -> 044B.png,✓,✓
ь - 044C,,✓,✓,✓,✓,✓,✓,✓,✓,✓,✓,U -> 044C.png,✓,✓
э - 044D,,✓,✓,✓,✓,✓,✓,✓,✓,✓,✓,U -> 044D.png,✓,✓
ю - 044E,,✓,✓,✓,✓,✓,✓,✓,✓,✓,✓,U -> 044E.png,✓,✓
я - 044F,,✓,✓,✓,✓,✓,✓,✓,✓,✓,✓,U -> 044F.png,✓,✓
ё - 0451,,✓,✓,✓,✓,✓,✓,✓,✓,✓,✓,U -> 0451.png,✓,✓
— - 2014,,✓,✓,✓,✓,✓,✓,✓,✓,✓,✓,U -> 2014.png,U -> 2014.png,✓
” - 201D,,✓,✓,✓,✓,✓,✓,✓,✓,✓,✓,U -> 201D.png,U -> 201D.png,✓
„ - 201E,,✓,✓,✓,✓,✓,✓,✓,✓,✓,✓,U -> 201E.png,U -> 201E.png,✓
… - 2026,,✓,✓,✓,✓,✓,✓,✓,✓,✓,✓,U -> 2026.png,U -> 2026.png,✓
